42,200,8400,穂積 新吉,383-2550,千葉県
44,200,8800,大西 政治,609-6034,沖縄県
28,200,5600,吉野 鈴音,198-1328,鳥取県
50,200,10000,金崎 沙菜,524-9385,山形県
26,200,5200,神谷 優佳,201-5474,山梨県
40,200,8000,柳谷 今日子,487-6028,鳥取県
20,200,4000,深見 萌恵,859-9323,高知県
46,200,9200,寺村 大樹,775-9005,富山県
43,200,8600,小栗 辰男,293-4784,山口県
51,200,10200,白坂 覚,665-5643,新潟県
38,200,7600,川野 凪紗,834-8242,宮城県
54,200,10800,李 弘之,802-0607,山形県
52,200,10400,前山 明,313-6063,兵庫県
54,200,10800,瀬戸 玲菜,978-9089,岐阜県
60,200,12000,恩田 喜弘,875-8114,鹿児島県
40,200,8000,川崎 亜抄子,918-2965,群馬県
6,200,1200,山根 日向子,731-8192,秋田県
44,200,8800,三木 詩乃,710-6394,島根県
40,200,8000,福田 淑子,804-7306,福岡県
50,200,10000,藤原 理,671-6631,岡山県
23,200,4600,楠田 紗英,811-3215,宮崎県
64,200,12800,小松 実結,240-2348,石川県
38,200,7600,柏崎 和,420-2431,神奈川県
8,200,1600,人見 辰雄,704-1869,千葉県
32,200,6400,越田 友治,115-3656,広島県
36,200,7200,稲田 喜一,083-9851,愛知県
25,200,5000,桑名 三郎,668-4478,宮崎県
38,200,7600,岩上 輝雄,028-4304,山形県
42,200,8400,新美 裕美,784-8447,栃木県
27,200,5400,森田 陽子,719-8034,富山県
28,200,5600,日下部 一弘,486-2675,滋賀県
56,200,11200,大竹 聖,067-1127,栃木県
24,200,4800,小松 真由子,479-1754,宮城県
29,200,5800,西沢 房子,077-1194,神奈川県
49,200,9800,尾上 由真,563-5889,岡山県
31,200,6200,森 与三郎,288-9087,高知県
36,200,7200,姫野 年昭,558-8390,秋田県
19,200,3800,神谷 岩夫,990-0775,山口県
25,200,5000,山田 一司,935-3049,鳥取県
24,200,4800,熊本 栞奈,920-8973,福島県
54,200,10800,堤 政美,056-4977,香川県
43,200,8600,赤松 華絵,763-8861,新潟県
37,200,7400,二階堂 光政,038-9956,鹿児島県
53,200,10600,松川 菜穂,726-0939,宮城県
58,200,11600,大庭 吉之助,089-3158,兵庫県
45,200,9000,能勢 博子,593-0583,山形県
39,200,7800,北条 三雄,057-7304,京都府
41,200,8200,小路 莉那,265-9560,新潟県
51,200,10200,川畑 寛子,464-4362,群馬県
50,200,10000,富樫 勇,485-5272,石川県
44,200,8800,牛島 寿男,058-6965,香川県
42,200,8400,逸見 岩夫,223-0123,鳥取県
33,200,6600,迫 由紀子,679-7388,福島県
22,200,4400,岸本 咲来,676-8655,高知県
43,200,8600,笹山 謙二,736-6450,京都府
24,200,4800,木村 音葉,026-7920,山梨県
33,200,6600,羽田 勇吉,932-2871,三重県
41,200,8200,横溝 由実,564-0979,島根県
51,200,10200,福元 新治,432-6680,宮崎県
41,200,8200,馬渕 剣一,890-9906,岡山県
28,200,5600,立川 葉月,713-0071,京都府
39,200,7800,秋山 時男,804-6141,京都府
36,200,7200,一瀬 香菜,000-3613,岩手県
26,200,5200,風間 理央,803-9301,茨城県
42,200,8400,瓜生 和也,294-7828,沖縄県
34,200,6800,宗像 雅江,022-3861,徳島県
38,200,7600,川原 花穂,168-4265,富山県
54,200,10800,丹羽 正司,047-9481,北海道
40,200,8000,清田 章治郎,352-8464,京都府
44,200,8800,白鳥 雅美,683-4691,京都府
27,200,5400,志田 可憐,501-7334,佐賀県
29,200,5800,永原 雅美,103-6164,兵庫県
55,200,11000,熊本 弘明,210-6494,秋田県
14,200,2800,畠山 翼,571-7045,香川県
46,200,9200,柿本 亜紀,598-2134,香川県
32,200,6400,熊崎 蒼衣,904-0296,大阪府
39,200,7800,別所 尚紀,056-4722,東京都
35,200,7000,一瀬 祐子,881-9819,石川県
20,200,4000,白崎 健太,475-6742,兵庫県
64,200,12800,川瀬 英世,748-5213,京都府
35,200,7000,東谷 明夫,002-9175,千葉県
23,200,4600,人見 敏雄,244-0676,大分県
47,200,9400,東田 喜久男,046-8959,高知県
35,200,7000,上西 智子,420-8037,千葉県
40,200,8000,池野 綾花,996-7279,岐阜県
24,200,4800,野呂 崇,491-9166,徳島県
12,200,2400,寺田 美雨,686-7885,山形県
9,200,1800,日比 竹志,565-7429,京都府
47,200,9400,宮内 沙紀,001-9003,岡山県
18,200,3600,大宮 凛子,071-7250,宮城県
16,200,3200,栗山 輝,522-5130,滋賀県
37,200,7400,堤 真紗子,517-6811,北海道
33,200,6600,藤川 栄蔵,774-7053,大分県
35,200,7000,錦織 沙也加,133-2870,鳥取県
46,200,9200,松島 静子,438-6792,北海道
38,200,7600,麻生 隆志,723-6557,福井県
32,200,6400,岡林 仁明,074-7127,山口県
54,200,10800,近藤 夏海,018-6225,茨城県
10,200,2000,小村 唯衣,780-6420,愛媛県
63,200,12600,土谷 七郎,349-7486,栃木県
29,200,5800,津川 憲司,325-5321,愛媛県
28,200,5600,大東 亜実,283-1305,山口県
19,200,3800,武石 三雄,869-5828,北海道
27,200,5400,山田 清吾,908-4973,東京都
55,200,11000,正田 真奈,084-0587,高知県
49,200,9800,藤木 重義,219-3179,熊本県
68,200,13600,一瀬 文二,970-7693,鳥取県
35,200,7000,宮本 和茂,140-9288,石川県
59,200,11800,森下 麻里,082-9514,広島県
26,200,5200,山地 忠吉,238-7918,佐賀県
59,200,11800,荒井 和利,674-9659,岡山県
30,200,6000,寺島 翼,263-6856,栃木県
34,200,6800,沖田 容子,596-4243,福岡県
30,200,6000,藤谷 毅雄,303-4854,山口県
39,200,7800,中道 啓司,984-6109,北海道
40,200,8000,小田 直治,392-9511,群馬県
40,200,8000,村木 好一,915-2893,滋賀県
43,200,8600,伊賀 竜太,377-6534,長崎県
33,200,6600,南野 菫,466-2767,千葉県
42,200,8400,立山 香穂,600-8627,北海道
50,200,10000,綿貫 夕菜,104-2972,山形県
55,200,11000,下地 美幸,280-6676,秋田県
33,200,6600,粕谷 耕筰,011-1587,栃木県
21,200,4200,宮腰 龍五,222-8980,千葉県
21,200,4200,勝野 愛香,581-8782,山形県
39,200,7800,新居 朱莉,657-5551,山形県
56,200,11200,久田 美琴,238-2898,岩手県
38,200,7600,鬼頭 次郎,861-1810,高知県
36,200,7200,川口 景子,340-6212,栃木県
57,200,11400,船越 春菜,189-0665,東京都
51,200,10200,滝川 雅江,436-6141,熊本県
34,200,6800,峰 一行,215-4673,鳥取県
55,200,11000,江藤 幸四郎,065-4005,沖縄県
37,200,7400,土肥 綾花,285-9186,岐阜県
52,200,10400,金本 金一,900-6132,岡山県
48,200,9600,野原 美菜,403-5796,福島県
33,200,6600,新保 香菜,145-0867,北海道
35,200,7000,長谷川 満夫,463-3571,長崎県
23,200,4600,中澤 平一,637-6013,広島県
51,200,10200,竹谷 茜,785-5401,徳島県
55,200,11000,川西 藍子,190-1103,岡山県
59,200,11800,郡司 喜晴,825-3583,佐賀県
16,200,3200,宇都宮 吉明,452-0790,愛知県
29,200,5800,鎌倉 安子,955-6249,長崎県
33,200,6600,幸田 昌,103-9922,和歌山県
17,200,3400,谷藤 希美,248-7965,山梨県
28,200,5600,東山 利吉,616-4376,島根県
42,200,8400,新家 喜市,645-7586,大阪府
31,200,6200,岩本 幸仁,781-1255,奈良県
62,200,12400,望月 香穂,242-7136,宮崎県
33,200,6600,吉成 沙希,163-2866,山口県
38,200,7600,岩元 由姫,269-6900,栃木県
33,200,6600,有吉 和子,526-4135,静岡県
47,200,9400,土肥 悦夫,803-9406,京都府
40,200,8000,阪口 亜希子,162-5886,鳥取県
7,200,1400,佐瀬 幸平,808-3834,宮崎県
42,200,8400,荻原 麗奈,297-2772,山口県
30,200,6000,笹井 努,804-1692,広島県
48,200,9600,脇坂 清二,406-2633,熊本県
59,200,11800,羽生 萌香,859-9412,山形県
39,200,7800,田野 蓮,290-3259,奈良県
59,200,11800,越智 紬,891-9773,沖縄県
39,200,7800,花井 花梨,352-3231,新潟県
5,200,1000,寺川 立哉,990-1668,沖縄県
35,200,7000,笹岡 徹,630-9718,宮城県
30,200,6000,吉井 政昭,212-2836,福岡県
42,200,8400,安倍 秀夫,518-7299,香川県
29,200,5800,今津 善四郎,214-0962,山梨県
36,200,7200,曾根 智恵理,646-7854,新潟県
66,200,13200,森島 直美,699-8739,兵庫県
29,200,5800,上西 愛美,960-6347,岐阜県
49,200,9800,野澤 敦子,023-8109,大分県
48,200,9600,吉見 正利,217-6894,香川県
39,200,7800,道下 松夫,523-3428,神奈川県
32,200,6400,木谷 勝子,422-9727,神奈川県
50,200,10000,沢口 豊,059-5051,岩手県
30,200,6000,生田 菜奈,786-1347,山口県
54,200,10800,柏木 美波,602-6770,三重県
32,200,6400,神山 辰雄,446-8017,京都府
24,200,4800,坂上 貴士,712-0768,京都府
63,200,12600,松谷 小雪,551-5471,新潟県
33,200,6600,船橋 夏音,536-9784,群馬県
56,200,11200,椎葉 貴美,459-8688,長崎県
9,200,1800,生駒 江介,286-6741,福岡県
41,200,8200,漆原 貴子,590-0502,大分県
57,200,11400,木田 美奈代,003-7648,茨城県
35,200,7000,亀井 藤子,608-0626,宮城県
12,200,2400,上西 純子,226-5523,大分県
40,200,8000,三瓶 和男,658-5643,神奈川県
27,200,5400,志賀 実緒,651-8985,栃木県
40,200,8000,桐山 喜三郎,279-0778,和歌山県
11,200,2200,押田 美玖,600-1264,岩手県
22,200,4400,市川 賢二,846-6983,佐賀県
23,200,4600,伊賀 志穂,587-4458,群馬県
42,200,8400,牛島 真尋,361-7444,山形県
33,200,6600,安村 幸四郎,919-3600,奈良県
38,200,7600,鳥越 晴奈,755-4599,山形県
21,200,4200,新里 若葉,736-3887,富山県
16,200,3200,秋葉 更紗,697-8347,石川県
54,200,10800,川畑 乃亜,129-0280,兵庫県
32,200,6400,柏 勝三,417-1088,三重県
43,200,8600,飯尾 邦仁,231-2980,徳島県
37,200,7400,高良 亜沙美,173-3614,青森県
25,200,5000,矢崎 進也,722-7252,三重県
31,200,6200,下山 治郎,914-5694,山梨県
50,200,10000,柘植 恵子,615-2811,岡山県
66,200,13200,秦 重一,862-3641,静岡県
54,200,10800,市原 孝志,650-9294,山梨県
37,200,7400,大月 佐和子,348-4797,沖縄県
24,200,4800,平岡 美紅,519-2207,京都府
65,200,13000,赤羽 玲菜,898-6077,千葉県
53,200,10600,津久井 喜代治,911-8183,大阪府
48,200,9600,野口 寛,829-5718,兵庫県
23,200,4600,河本 政雄,805-7603,石川県
20,200,4000,村松 美怜,635-6080,山口県
51,200,10200,小谷 幸市,308-3042,福島県
24,200,4800,柴崎 芳男,291-7842,福島県
26,200,5200,福嶋 堅助,461-9001,群馬県
29,200,5800,高嶋 遥華,311-6311,富山県
56,200,11200,新海 貞治,409-6531,福島県
32,200,6400,大賀 花穂,124-3565,長野県
55,200,11000,高垣 茂志,584-5879,岡山県
17,200,3400,杉田 信二,934-0935,香川県
69,200,13800,佐古 蒼,995-0026,長崎県
35,200,7000,平島 弘恭,289-8497,静岡県
35,200,7000,平林 沙和,664-4305,和歌山県
45,200,9000,小松崎 玲子,614-7614,福岡県
57,200,11400,正岡 遥菜,130-8533,宮城県
48,200,9600,大門 翔子,630-9534,兵庫県
35,200,7000,大谷 武史,444-2413,島根県
33,200,6600,香取 正義,896-8492,岐阜県
43,200,8600,阪上 紗彩,237-9464,青森県
33,200,6600,浅井 貞,302-7463,長崎県
52,200,10400,村越 沙紀,475-5813,岡山県
34,200,6800,緒方 理,065-7956,秋田県
52,200,10400,守屋 麻由,867-1368,石川県
40,200,8000,小山 宗一,712-9735,山口県
34,200,6800,都築 裕平,269-7067,山形県
39,200,7800,永谷 花奈,527-1082,奈良県
39,200,7800,西出 敏男,483-7217,茨城県
35,200,7000,梶 倫子,203-4339,山梨県
42,200,8400,下平 光希,398-6062,愛媛県
25,200,5000,加藤 康朗,911-9268,岐阜県
31,200,6200,長屋 昭男,617-1478,青森県
35,200,7000,砂田 芳彦,537-7291,山形県
17,200,3400,長田 絢乃,067-9857,鹿児島県
46,200,9200,安藤 敏雄,973-4401,栃木県
23,200,4600,大河内 正毅,481-2756,滋賀県
24,200,4800,上地 佳子,556-5092,石川県
42,200,8400,白土 英子,635-5358,東京都
48,200,9600,平本 康夫,455-9252,山口県
46,200,9200,伴 国男,159-5564,愛知県
22,200,4400,大貫 金蔵,751-8451,鹿児島県
46,200,9200,中山 優佳,819-1831,福岡県
26,200,5200,沖本 美紀,262-2695,沖縄県
32,200,6400,松澤 宏次,290-2316,群馬県
33,200,6600,正田 友里,270-8886,島根県
52,200,10400,西垣 有紀,754-1883,鳥取県
18,200,3600,安本 知美,940-0918,山形県
34,200,6800,所 友美,842-6368,福井県
32,200,6400,大下 幸三郎,555-6915,和歌山県
8,200,1600,横尾 正和,776-8247,鳥取県
58,200,11600,矢島 唯衣,453-9858,愛知県
32,200,6400,沢 敏哉,930-9403,島根県
36,200,7200,泉谷 一寿,243-4840,福井県
18,200,3600,平 昭一,528-0102,大分県
53,200,10600,谷村 裕信,517-6153,広島県
41,200,8200,江口 敬一,247-8344,岐阜県
39,200,7800,冨永 武志,566-0651,香川県
23,200,4600,近藤 晴美,363-1969,栃木県
17,200,3400,新保 美波,600-0955,長野県
35,200,7000,明石 和仁,387-8777,広島県
51,200,10200,五島 陽和,207-2648,愛知県
27,200,5400,金野 静枝,419-1916,宮城県
28,200,5600,新田 今日子,736-6377,沖縄県
25,200,5000,小島 俊史,264-8877,石川県
12,200,2400,谷内 友彦,879-9806,香川県
12,200,2400,桝田 亜弓,639-2639,福島県
15,200,3000,桐山 幸次,353-0367,千葉県
45,200,9000,白田 健夫,174-6884,香川県
21,200,4200,小滝 清助,158-0671,島根県
18,200,3600,浜口 忠三,530-8215,宮城県
24,200,4800,奈良 善成,367-7074,宮崎県
23,200,4600,内野 省三,944-2278,沖縄県
39,200,7800,石倉 敏男,688-0612,佐賀県
39,200,7800,中崎 孝,857-0725,山口県
16,200,3200,内川 奈々美,349-4657,群馬県
25,200,5000,新倉 芽依,354-8588,福岡県
8,200,1600,下山 清司,601-9611,香川県
38,200,7600,牛尾 桃歌,228-8527,京都府
39,200,7800,本間 綾奈,797-8578,奈良県
21,200,4200,金 美桜,989-2400,佐賀県
34,200,6800,板東 豊作,376-9102,香川県
58,200,11600,植松 雅樹,689-7966,徳島県
29,200,5800,熊谷 恵理,393-9982,北海道
17,200,3400,有賀 賢一,666-1511,福岡県
39,200,7800,寺山 豊,647-0847,佐賀県
18,200,3600,川元 文昭,775-5615,愛媛県
28,200,5600,比嘉 椛,077-8799,山口県
26,200,5200,奥谷 公男,689-6744,山口県
32,200,6400,川井 晴奈,253-4054,埼玉県
33,200,6600,神谷 精一,297-1280,長野県
18,200,3600,仲野 花鈴,654-4305,京都府
29,200,5800,岡山 将文,920-8095,徳島県
18,200,3600,井本 靖,837-3427,京都府
25,200,5000,川北 裕次郎,085-6548,大阪府
62,200,12400,下村 果音,444-6141,青森県
31,200,6200,廣瀬 博之,436-3598,北海道
27,200,5400,土谷 広志,159-0422,兵庫県
48,200,9600,坂口 英俊,089-0210,宮城県
57,200,11400,信田 沙織,376-2798,新潟県
40,200,8000,寺尾 満夫,806-5507,茨城県
59,200,11800,草間 隆吾,863-1367,福井県
24,200,4800,滝本 三郎,833-1060,滋賀県
43,200,8600,佐山 菜帆,914-0309,山形県
33,200,6600,涌井 果音,340-0715,和歌山県
39,200,7800,小早川 和弥,678-5669,福岡県
20,200,4000,吉本 恵,900-5797,秋田県
46,200,9200,江原 康弘,815-8930,宮崎県
23,200,4600,鳥羽 敦彦,647-7309,熊本県
43,200,8600,森口 清志,638-4893,熊本県
59,200,11800,谷内 孝子,628-6702,新潟県
28,200,5600,竹沢 治夫,045-1976,山口県
27,200,5400,柳瀬 義則,106-6478,沖縄県
42,200,8400,牟田 夏子,258-6499,京都府
47,200,9400,織田 花凛,359-6091,宮崎県
7,200,1400,米田 祥治,697-8596,愛媛県
57,200,11400,栗田 美奈,453-6708,和歌山県
47,200,9400,和田 広志,765-4497,秋田県
14,200,2800,吉井 悠菜,358-3895,茨城県
30,200,6000,吉野 華子,507-9348,神奈川県
41,200,8200,桜田 悦太郎,560-2950,富山県
39,200,7800,竹之内 来未,687-6170,青森県
41,200,8200,寺尾 花穂,483-5115,愛媛県
24,200,4800,江尻 百香,722-9525,兵庫県
21,200,4200,真島 穰,191-8512,徳島県
61,200,12200,宇佐美 幸作,478-4894,群馬県
6,200,1200,中崎 江民,567-9572,茨城県
36,200,7200,赤星 美恵子,609-3677,沖縄県
35,200,7000,三谷 清三,987-0448,三重県
23,200,4600,赤嶺 広史,169-2924,佐賀県
63,200,12600,須山 和明,974-1859,沖縄県
34,200,6800,小沼 愛音,982-9067,山形県
64,200,12800,加地 颯,759-6711,神奈川県
43,200,8600,三木 浩司,554-8830,香川県
20,200,4000,阪上 誓三,209-4748,大分県
65,200,13000,清野 善太郎,651-6532,岐阜県
30,200,6000,吉元 昭男,893-8251,山形県
17,200,3400,品川 真理雄,821-5177,長野県
11,200,2200,喜田 義夫,229-3220,徳島県
22,200,4400,高木 真尋,565-5656,福井県
54,200,10800,畑 晴雄,721-7964,京都府
41,200,8200,吉富 時男,101-7193,富山県
4,200,800,氏家 柚季,061-1670,岡山県
21,200,4200,西出 唯菜,831-0713,岡山県
10,200,2000,清野 卓也,597-3238,茨城県
41,200,8200,河津 菜々実,254-0259,青森県
17,200,3400,宇都 洋,698-4372,徳島県
69,200,13800,新宅 晴臣,703-4224,佐賀県
34,200,6800,塩谷 遥佳,708-0785,富山県
21,200,4200,杉村 優花,007-4843,岡山県
62,200,12400,谷内 一行,793-8496,長崎県
29,200,5800,中塚 茉莉,519-4649,岡山県
7,200,1400,西田 天音,940-8399,鳥取県
33,200,6600,有田 真弓,832-3136,埼玉県
3,200,600,宇田川 文乃,732-3705,熊本県
21,200,4200,東田 実優,287-3946,福岡県
55,200,11000,山岸 浩秋,154-1957,埼玉県
30,200,6000,丹野 進一,654-9305,兵庫県
34,200,6800,長内 和歌子,451-3626,福井県
11,200,2200,鷲見 日出男,698-9553,東京都
30,200,6000,根本 千恵子,969-9113,青森県
43,200,8600,平井 彰三,092-0449,長野県
36,200,7200,笹本 梨沙,427-6988,新潟県
26,200,5200,金森 莉沙,987-2291,鳥取県
53,200,10600,早野 政子,576-7229,鹿児島県
48,200,9600,宮木 政吉,788-6780,福井県
47,200,9400,市田 美春,650-7054,埼玉県
50,200,10000,稲垣 健次郎,073-5714,神奈川県
63,200,12600,田尻 明美,018-7541,熊本県
44,200,8800,羽生 晶,662-9001,福井県
49,200,9800,吉武 美穂子,522-6483,奈良県
56,200,11200,木原 光政,880-7885,山口県
12,200,2400,本橋 真里,369-7862,福井県
23,200,4600,大屋 雅雄,997-9720,神奈川県
30,200,6000,神山 謙三,449-4392,宮崎県
12,200,2400,下野 香織,910-7465,徳島県
48,200,9600,倉持 和男,342-5214,青森県
48,200,9600,五十嵐 陽奈,467-3745,富山県
44,200,8800,有村 喜晴,169-6748,長崎県
61,200,12200,小澤 彩音,363-2716,神奈川県
35,200,7000,牧野 佳奈子,350-1977,埼玉県
32,200,6400,谷崎 歩実,275-2956,岡山県
39,200,7800,鷲見 風花,181-9616,東京都
48,200,9600,寺尾 武司,473-3721,広島県
30,200,6000,上野 龍宏,485-4235,佐賀県
43,200,8600,岩田 初音,834-5261,徳島県
25,200,5000,柴原 里歌,639-9913,東京都
68,200,13600,三橋 楓香,385-2233,千葉県
41,200,8200,菅田 靖彦,600-3590,沖縄県
62,200,12400,笹山 清佳,046-8544,富山県
35,200,7000,井上 浩重,194-8051,鳥取県
17,200,3400,松下 更紗,046-5463,福岡県
13,200,2600,浜岡 真実,384-7336,石川県
62,200,12400,相良 志穂,460-5247,鹿児島県
31,200,6200,神尾 美枝子,065-7549,群馬県
37,200,7400,岩城 博之,569-2621,福岡県
56,200,11200,塩崎 奈緒,344-4240,広島県
57,200,11400,浜口 璃音,802-9032,福井県
62,200,12400,鳥井 美結,548-5672,三重県
26,200,5200,星川 金作,943-6245,栃木県
45,200,9000,渕上 一夫,173-9514,三重県
37,200,7400,成田 優斗,669-9988,山形県
25,200,5000,水島 国夫,359-9366,群馬県
33,200,6600,原島 貢,615-8942,大阪府
30,200,6000,三木 蓮,138-8904,神奈川県
40,200,8000,小沢 時男,794-9661,岐阜県
24,200,4800,市川 洋,680-0097,愛知県
46,200,9200,村田 洋晶,365-5682,茨城県
57,200,11400,新海 祐司,820-1648,群馬県
24,200,4800,照屋 真奈美,582-8899,長崎県
33,200,6600,佃 紗彩,105-7993,埼玉県
52,200,10400,東 紀男,715-2166,山形県
54,200,10800,長谷川 美菜,785-4763,神奈川県
28,200,5600,内海 浩之,036-7381,佐賀県
52,200,10400,三木 晋,166-3889,栃木県
34,200,6800,倉島 雅,571-9837,山梨県
27,200,5400,石本 悟,454-3875,秋田県
29,200,5800,池野 敦,347-7132,福井県
21,200,4200,林田 和子,491-6738,奈良県
36,200,7200,江頭 凪,443-0132,秋田県
27,200,5400,神崎 喜久男,430-5662,岐阜県
28,200,5600,小路 静夫,706-5333,山梨県
29,200,5800,大坂 祐子,356-4814,宮崎県
43,200,8600,笹原 梅吉,911-7699,福井県
4,200,800,若林 孝志,485-0043,島根県
32,200,6400,若狭 勝美,010-0241,福岡県
31,200,6200,夏目 優子,935-7338,岩手県
61,200,12200,結城 堂下,508-5370,岩手県
16,200,3200,遊佐 晃子,298-1354,鳥取県
34,200,6800,須山 百香,259-7954,福岡県
54,200,10800,高杉 泰男,015-7038,熊本県
34,200,6800,吉見 昌己,953-7418,福島県
51,200,10200,古田 亜沙美,316-6467,広島県
36,200,7200,栗本 幸次,120-5763,香川県
15,200,3000,二瓶 昭司,284-2991,京都府
37,200,7400,八重樫 大地,898-5802,広島県
14,200,2800,横井 克洋,038-3143,岩手県
38,200,7600,大脇 達男,099-4619,岩手県
6,200,1200,青島 佳乃,590-6972,沖縄県
57,200,11400,並木 理歩,744-7047,宮城県
46,200,9200,碓井 友子,745-9846,神奈川県
40,200,8000,大町 和佳奈,813-8881,鳥取県
42,200,8400,佐瀬 百合,654-1398,福島県
37,200,7400,吉武 碧依,960-5181,群馬県
52,200,10400,山﨑 果穂,350-4816,長野県
46,200,9200,阪本 敬二,115-6957,神奈川県
24,200,4800,田島 緑,706-8472,三重県
26,200,5200,福田 政治,003-0067,岐阜県
35,200,7000,結城 清信,395-8564,福岡県
32,200,6400,畑山 松雄,226-5434,長崎県
50,200,10000,大宮 伊代,514-1902,長野県
40,200,8000,滝川 澄子,196-6234,香川県
42,200,8400,横山 祥治,109-4748,山形県
44,200,8800,右田 次郎,491-2123,宮城県
9,200,1800,野瀬 隆夫,332-3778,沖縄県
49,200,9800,金川 孝太郎,116-3606,愛媛県
60,200,12000,新倉 邦仁,664-6787,福島県
48,200,9600,小川 栄美,120-0962,三重県
39,200,7800,渡部 信生,156-5988,茨城県
61,200,12200,奥野 佳祐,144-4595,群馬県
10,200,2000,森井 俊夫,560-2227,鹿児島県
46,200,9200,金崎 祐一,523-1838,山口県
34,200,6800,鶴田 優空,108-6250,岩手県
23,200,4600,吉田 嘉男,794-8200,佐賀県
37,200,7400,紺野 結衣,882-2416,佐賀県
36,200,7200,吉見 優里,514-9224,富山県
37,200,7400,楠 勝哉,528-7574,鹿児島県
44,200,8800,首藤 章子,578-1604,香川県
62,200,12400,菅沼 純子,660-7469,香川県
34,200,6800,四方 千恵子,770-0955,佐賀県
40,200,8000,平林 聡美,888-0478,石川県
38,200,7600,江原 伊代,535-1987,長野県
24,200,4800,玉城 竹次郎,560-9839,青森県
16,200,3200,冨岡 桜,187-9588,山形県
50,200,10000,泉谷 灯,169-2444,鹿児島県
26,200,5200,仁平 克洋,857-9290,山口県
17,200,3400,梶本 孝通,225-9184,神奈川県
49,200,9800,平沢 剛,731-9294,福井県
50,200,10000,安保 和花,993-8248,兵庫県
60,200,12000,丹下 志乃,521-3561,大分県
45,200,9000,菅野 藍,584-9421,秋田県
37,200,7400,横山 光義,153-3042,長野県
46,200,9200,吉野 孝太郎,972-7323,宮崎県
47,200,9400,角田 楓,430-3825,岐阜県
4,200,800,岡 紗希,544-1849,和歌山県
49,200,9800,小塚 虎雄,508-4744,福井県
41,200,8200,泉田 伊織,658-0004,長崎県
9,200,1800,浦川 達雄,089-1651,栃木県
37,200,7400,永田 勇,268-2337,熊本県
54,200,10800,白水 義弘,615-0127,茨城県
20,200,4000,椎葉 希美,769-4823,大阪府
41,200,8200,右田 里穂,592-4181,秋田県
45,200,9000,豊田 健三,209-8796,新潟県
19,200,3800,山岡 静子,128-3895,三重県
31,200,6200,原口 倫子,834-9407,香川県
44,200,8800,田坂 直,574-8645,京都府
33,200,6600,川名 誠一,260-1919,埼玉県
23,200,4600,木内 帆乃香,064-6874,群馬県
22,200,4400,松平 花菜,716-8822,栃木県
39,200,7800,西岡 一華,374-3747,秋田県
40,200,8000,仲村 千夏,982-4010,埼玉県
25,200,5000,大家 里香,503-8594,鹿児島県
29,200,5800,岩上 帆香,401-1480,愛知県
39,200,7800,上島 祐一,348-9095,高知県
34,200,6800,西澤 竜也,106-8726,岡山県
56,200,11200,湯川 雅彦,211-5382,静岡県
34,200,6800,八巻 亮太,548-7429,山口県
39,200,7800,横尾 穂乃佳,000-3427,大阪府
27,200,5400,福井 戸敷,381-0964,宮城県
53,200,10600,田上 初太郎,912-2815,大阪府
22,200,4400,中垣 豊治,637-3185,兵庫県
36,200,7200,齋藤 友美,014-6044,佐賀県
43,200,8600,桂 靖子,301-0597,岐阜県
41,200,8200,中澤 瑠菜,945-4194,福岡県
59,200,11800,若山 宏明,532-4189,秋田県
23,200,4600,赤羽 丈人,880-6102,熊本県
65,200,13000,加藤 孝志,768-0523,沖縄県
65,200,13000,長山 拓哉,648-3145,鳥取県
51,200,10200,香月 清佳,583-3216,静岡県
46,200,9200,今井 林檎,047-2357,福岡県
41,200,8200,竹之内 朱音,875-2854,福島県
17,200,3400,中西 凛香,796-9650,石川県
36,200,7200,小椋 萌恵,065-5506,沖縄県
36,200,7200,大東 柚季,993-9912,徳島県
37,200,7400,下平 真結,206-0167,滋賀県
35,200,7000,笹原 岩雄,247-3719,神奈川県
33,200,6600,末吉 瑞希,884-7843,奈良県
46,200,9200,関野 清信,552-8194,富山県
23,200,4600,中居 望,955-4464,愛媛県
42,200,8400,千田 怜子,716-1308,福島県
41,200,8200,国本 怜奈,709-4678,和歌山県
35,200,7000,佐川 佳乃,856-6444,奈良県
17,200,3400,栄 英雄,016-4459,愛媛県
43,200,8600,小貫 友美,461-3377,北海道
13,200,2600,大家 風香,874-7637,鹿児島県
37,200,7400,北川 公子,491-8414,徳島県
49,200,9800,板谷 夏子,646-0309,島根県
43,200,8600,滝口 賢二,023-0411,長野県
29,200,5800,福井 明弘,678-6004,大分県
15,200,3000,夏目 正利,145-2278,山形県
64,200,12800,上西 葉菜,504-6831,静岡県
19,200,3800,岡山 美帆,615-7565,福岡県
40,200,8000,藤平 正明,295-9186,福島県
48,200,9600,齊藤 梨央,759-5217,静岡県
38,200,7600,東野 怜奈,528-2782,福島県
30,200,6000,添田 良男,067-3906,岐阜県
69,200,13800,古瀬 由美子,516-8346,沖縄県
49,200,9800,船津 貴美,720-2497,長野県
39,200,7800,小木曽 百華,202-7950,福岡県
26,200,5200,向田 里歌,371-0749,青森県
27,200,5400,平井 泰,570-6191,東京都
55,200,11000,長谷川 琴美,484-2259,徳島県
11,200,2200,野口 勝美,770-7227,宮城県
41,200,8200,芦沢 明夫,878-8378,京都府
49,200,9800,立野 富夫,443-6422,静岡県
26,200,5200,近藤 光明,543-1712,長野県
41,200,8200,小山田 里緒,012-5556,埼玉県
36,200,7200,及川 智恵子,472-2271,山口県
32,200,6400,荒 盛夫,662-5030,石川県
39,200,7800,笹田 喜久雄,326-2116,大阪府
27,200,5400,藤川 希美,860-9769,愛知県
48,200,9600,永瀬 桃,761-5874,茨城県
53,200,10600,船山 真凛,881-5301,広島県
54,200,10800,米村 正平,469-2409,東京都
43,200,8600,境 康男,519-8791,石川県
29,200,5800,松山 瑠衣,923-9146,宮崎県
40,200,8000,塩沢 清信,172-5385,茨城県
32,200,6400,北条 清佳,199-5477,高知県
46,200,9200,多賀 信太郎,192-0118,熊本県
41,200,8200,乾 優太,594-3988,和歌山県
22,200,4400,水上 治彦,342-6139,長崎県
31,200,6200,小峰 竜三,571-3758,北海道
28,200,5600,二階堂 政男,450-3910,宮崎県
39,200,7800,石橋 安則,662-3555,宮崎県
48,200,9600,脇坂 華乃,922-0873,北海道
35,200,7000,富田 華乃,735-5828,栃木県
20,200,4000,柴田 紅葉,346-0069,鹿児島県
42,200,8400,柴田 俊光,675-9023,山口県
44,200,8800,西崎 堅助,257-9181,大分県
54,200,10800,塚本 鈴音,171-0156,福岡県
29,200,5800,早川 光子,696-7957,山口県
53,200,10600,牛島 喜代子,761-0697,宮城県
19,200,3800,野沢 初太郎,458-6171,長崎県
51,200,10200,松谷 早紀,860-8082,富山県
6,200,1200,下地 由夫,106-6806,宮城県
17,200,3400,玉城 亘,284-0354,香川県
27,200,5400,矢口 由紀子,685-3401,岡山県
28,200,5600,松元 時男,253-2339,栃木県
39,200,7800,長岡 陳雄,614-1028,徳島県
47,200,9400,山本 萌子,943-2405,山口県
4,200,800,桐生 有紗,268-6655,神奈川県
52,200,10400,河崎 隆明,792-7902,岡山県
36,200,7200,田尻 美帆,946-9005,佐賀県
26,200,5200,岩本 栄美,115-1890,岐阜県
63,200,12600,湊 真実,985-3266,滋賀県
18,200,3600,八木 由真,691-7858,福岡県
52,200,10400,江田 長太郎,356-4043,石川県
42,200,8400,仁木 麻理,702-7255,宮城県
30,200,6000,新山 良夫,571-1440,愛媛県
30,200,6000,大橋 美樹,451-7810,東京都
20,200,4000,谷 崇,135-5740,新潟県
34,200,6800,角田 智恵理,620-1327,宮崎県
19,200,3800,越智 純,743-7425,岩手県
68,200,13600,常盤 康男,652-0809,長野県
54,200,10800,浅沼 昌利,715-8410,奈良県
57,200,11400,寺尾 弥生,800-1684,高知県
25,200,5000,植木 清佳,067-8518,岐阜県
46,200,9200,田尻 敏伸,744-7643,島根県
40,200,8000,大森 千穂,893-2216,静岡県
45,200,9000,正田 梨央,355-6254,兵庫県
59,200,11800,大倉 陽菜,290-7351,福岡県
45,200,9000,野原 和葉,887-2962,東京都
45,200,9000,荒巻 音葉,476-4840,熊本県
31,200,6200,高浜 涼太,478-3734,北海道
36,200,7200,古谷 忠男,088-3664,大分県
12,200,2400,平川 孝太郎,316-7359,群馬県
16,200,3200,津野 純,241-0419,神奈川県
31,200,6200,前川 穂乃花,284-2717,鳥取県
43,200,8600,神谷 寛子,092-3025,香川県
20,200,4000,西本 遥華,796-3937,岐阜県
47,200,9400,芳賀 咲来,525-9666,茨城県
36,200,7200,高坂 邦仁,191-5594,三重県
17,200,3400,羽鳥 涼花,520-1674,北海道
55,200,11000,谷 花鈴,572-7265,福島県
55,200,11000,板井 保,368-7812,沖縄県
11,200,2200,大堀 英世,731-1540,岡山県
60,200,12000,嵯峨 徳雄,406-5396,石川県
21,200,4200,兵藤 幸次,987-5741,岡山県
45,200,9000,花田 邦子,847-8229,神奈川県
26,200,5200,粕谷 圭一,275-1196,茨城県
26,200,5200,鶴見 佳代,073-9800,千葉県
53,200,10600,大道 次男,179-1036,千葉県
27,200,5400,仲井 正治,998-0590,大分県
50,200,10000,錦織 章治郎,888-2682,石川県
54,200,10800,深見 貞,573-5370,兵庫県
56,200,11200,檜山 寿晴,044-9959,千葉県
34,200,6800,奥田 創,952-1860,沖縄県
52,200,10400,塙 篤彦,336-4857,埼玉県
44,200,8800,梅木 邦子,185-0585,東京都
24,200,4800,赤井 百合,600-0216,滋賀県
51,200,10200,向田 雪菜,296-0030,茨城県
39,200,7800,田山 早百合,773-3366,長崎県
60,200,12000,宮崎 重一,655-9329,滋賀県
15,200,3000,高橋 正利,141-3919,新潟県
30,200,6000,庄子 帆香,991-7390,長野県
59,200,11800,丹羽 善成,407-9908,山梨県
48,200,9600,中本 孝明,986-2295,栃木県
40,200,8000,村岡 克彦,532-1372,三重県
40,200,8000,持田 亨治,536-5409,福島県
16,200,3200,神保 紗耶,728-5345,熊本県
31,200,6200,小椋 範明,333-2940,滋賀県
62,200,12400,巽 大地,716-4420,群馬県
43,200,8600,岩本 冨子,613-2442,愛媛県
33,200,6600,笹原 亮太,601-5639,鳥取県
34,200,6800,有本 琴美,717-4729,愛知県
40,200,8000,伊藤 景子,845-3374,愛知県
29,200,5800,岡崎 進一,609-8782,鳥取県
25,200,5000,南部 幸次郎,699-4063,香川県
46,200,9200,井内 吉之助,976-6434,静岡県
25,200,5000,藤村 春香,433-6139,福島県
29,200,5800,依田 歩美,304-5281,秋田県
27,200,5400,上岡 健三,186-1042,山梨県
34,200,6800,神谷 松男,291-2567,愛媛県
41,200,8200,金谷 瞳,656-4584,和歌山県
39,200,7800,若井 祐司,953-5674,山梨県
35,200,7000,迫 愛,835-6534,宮城県
10,200,2000,辻村 桜子,793-7484,岩手県
33,200,6600,福井 博,882-5642,岡山県
46,200,9200,楠田 朱音,342-1924,富山県
38,200,7600,堀江 江民,996-9061,滋賀県
59,200,11800,新里 安奈,574-9198,福井県
38,200,7600,幸田 研一,232-4607,栃木県
25,200,5000,安東 奈津子,735-1572,岡山県
30,200,6000,山際 菜月,546-7370,高知県
28,200,5600,友田 新治,597-3319,兵庫県
49,200,9800,植田 夕菜,600-7986,山形県
27,200,5400,滝本 勝哉,956-0500,奈良県
35,200,7000,金原 末男,344-1789,鹿児島県
31,200,6200,古家 英紀,060-5299,岡山県
31,200,6200,磯 華絵,070-0304,広島県
38,200,7600,勝田 千絵,840-3516,山形県
23,200,4600,嶋崎 佳子,509-3238,大阪府
16,200,3200,池上 美央,664-9109,宮城県
20,200,4000,古澤 茉奈,326-6113,東京都
15,200,3000,嶋 正美,672-2687,栃木県
29,200,5800,黒崎 日菜子,698-6862,茨城県
44,200,8800,松島 佳歩,762-3856,三重県
15,200,3000,野尻 清志,070-0704,岐阜県
7,200,1400,長谷 八重子,672-4634,大阪府
48,200,9600,藤村 紬,645-8425,京都府
33,200,6600,楠田 亜子,167-3349,栃木県
33,200,6600,小沼 恒男,870-5838,愛知県
32,200,6400,春田 章平,714-0993,富山県
19,200,3800,大貫 省三,705-5568,富山県
24,200,4800,桐原 和裕,828-1604,青森県
26,200,5200,神戸 勝美,992-6942,福井県
35,200,7000,兼子 隆志,031-6944,長崎県
63,200,12600,笹田 淳一,686-5626,福井県
35,200,7000,田部 比呂,894-6793,静岡県
58,200,11600,岩橋 晴奈,934-5403,石川県
52,200,10400,小寺 幸恵,252-2313,茨城県
36,200,7200,魚住 恵,396-7362,岩手県
44,200,8800,林田 冨士子,761-2240,熊本県
37,200,7400,保科 昭二,217-7915,大阪府
23,200,4600,梶本 清人,358-0199,新潟県
30,200,6000,杉崎 莉乃,932-4606,茨城県
32,200,6400,三戸 俊夫,769-2731,兵庫県
19,200,3800,小島 清佳,732-8708,大分県
55,200,11000,大浦 香穂,638-9110,鹿児島県
27,200,5400,丸山 義光,860-1239,佐賀県
38,200,7600,古木 早希,494-7842,青森県
45,200,9000,小路 利平,210-6704,宮城県
37,200,7400,酒井 良明,588-6674,徳島県
50,200,10000,平原 孝太郎,119-8653,福島県
31,200,6200,深澤 義則,722-1786,岡山県
23,200,4600,本村 麻世,766-6820,青森県
14,200,2800,多田 風花,916-0448,福島県
29,200,5800,中島 晴奈,825-8103,山口県
31,200,6200,本間 照雄,533-2607,佐賀県
62,200,12400,鳴海 千春,115-1173,長野県
31,200,6200,若山 栄子,466-7406,宮崎県
30,200,6000,瀬戸 敏仁,329-2604,京都府
43,200,8600,中本 盛雄,176-3228,高知県
3,200,600,大宮 麻里子,987-2470,宮崎県
36,200,7200,中井 可憐,942-6919,群馬県
21,200,4200,辻本 理津子,006-5873,山形県
23,200,4600,大谷 貴士,862-7757,長崎県
27,200,5400,新川 璃子,072-1981,青森県
29,200,5800,赤石 由起夫,785-4203,長野県
23,200,4600,新家 久寛,654-3595,長崎県
46,200,9200,寺内 良吉,488-6312,長野県
35,200,7000,森野 春美,666-6281,島根県
51,200,10200,加来 利朗,215-4789,秋田県
58,200,11600,益子 真紀,670-7384,大分県
41,200,8200,若狭 和歌子,692-9502,京都府
42,200,8400,白土 匠,675-0265,宮城県
32,200,6400,宮永 加奈,901-2122,大分県
32,200,6400,中原 哲郎,414-9054,東京都
44,200,8800,神戸 竜也,182-4366,鹿児島県
36,200,7200,柳瀬 広,009-9000,秋田県
16,200,3200,樋渡 涼香,287-9662,東京都
26,200,5200,岡安 慎一郎,272-0922,滋賀県
34,200,6800,西原 都,944-3925,東京都
55,200,11000,永島 愛華,498-6437,奈良県
37,200,7400,吉元 綾奈,299-6853,兵庫県
43,200,8600,島崎 優太,691-2604,千葉県
18,200,3600,島津 結香,025-1987,埼玉県
36,200,7200,武内 真樹,438-7931,大分県
44,200,8800,植野 栄蔵,191-3812,滋賀県
27,200,5400,三国 理,797-8687,岐阜県
43,200,8600,木幡 真尋,345-9933,鹿児島県
11,200,2200,八島 光男,206-4621,岐阜県
15,200,3000,三橋 遥,859-0073,山形県
42,200,8400,大串 善次郎,855-9833,滋賀県
35,200,7000,大垣 久美,713-0910,岩手県
14,200,2800,新妻 里歌,851-7367,石川県
34,200,6800,大和 広志,028-3907,長崎県
36,200,7200,五島 玲子,808-6018,熊本県
32,200,6400,宮下 優斗,574-3451,千葉県
27,200,5400,向田 貫一,750-2477,新潟県
29,200,5800,東谷 涼,871-0598,秋田県
54,200,10800,神保 莉沙,400-8278,福島県
19,200,3800,高嶋 千晴,090-3526,兵庫県
34,200,6800,荻原 美貴,400-7752,三重県
39,200,7800,福井 徳子,685-4866,鳥取県
38,200,7600,太田 亜希子,607-0634,秋田県
44,200,8800,大田 道世,786-0809,福島県
46,200,9200,小室 菜月,354-5301,滋賀県
37,200,7400,田上 結衣,270-4089,富山県
5,200,1000,小畑 忍,085-0335,大分県
12,200,2400,尾崎 季衣,285-3080,茨城県
39,200,7800,相良 勝三,886-1636,徳島県
43,200,8600,西山 豊治,927-5379,愛知県
32,200,6400,中尾 将文,631-1648,宮崎県
21,200,4200,片山 晶,411-6134,福岡県
25,200,5000,桜木 心春,388-5538,長崎県
29,200,5800,福崎 歩美,640-8126,鳥取県
59,200,11800,新藤 理桜,807-3389,京都府
27,200,5400,福地 貞,282-9541,佐賀県
43,200,8600,川原 勇人,534-2627,大阪府
54,200,10800,猿渡 淳一,196-3364,奈良県
12,200,2400,長岡 竜也,569-1026,北海道
47,200,9400,大藤 梓,469-3103,兵庫県
34,200,6800,関口 乃亜,766-3503,京都府
55,200,11000,丹治 充照,422-4064,秋田県
38,200,7600,表 綾子,131-4665,茨城県
21,200,4200,神保 正司,339-8291,愛知県
20,200,4000,嵯峨 國吉,672-4794,千葉県
31,200,6200,市橋 歌音,268-9282,兵庫県
58,200,11600,久保田 莉乃,583-0187,山口県
39,200,7800,高島 常雄,805-2998,山梨県
41,200,8200,丹下 都,230-7334,兵庫県
22,200,4400,関 圭,438-2402,宮城県
4,200,800,金原 広治,651-5275,北海道
14,200,2800,宮﨑 克洋,362-8381,福島県
44,200,8800,島田 夏音,559-0613,宮城県
20,200,4000,下川 厚吉,333-1925,石川県
39,200,7800,兼田 詩織,055-7108,和歌山県
41,200,8200,姫野 大輔,690-1601,東京都
27,200,5400,大前 菫,208-8503,新潟県
29,200,5800,北島 心,999-8908,山梨県
30,200,6000,久我 光彦,960-8698,富山県
32,200,6400,川上 勝久,184-8050,大阪府
37,200,7400,牧野 和弥,684-6907,埼玉県
47,200,9400,米本 梨央,654-8420,北海道
11,200,2200,神谷 康之,654-5360,埼玉県
19,200,3800,大熊 義勝,383-2516,愛知県
49,200,9800,守谷 孝志,746-8834,山口県
50,200,10000,島津 久美,263-9891,徳島県
56,200,11200,安部 宏美,505-5647,広島県
28,200,5600,塩沢 三郎,463-3778,福島県
36,200,7200,日吉 聖,096-0960,茨城県
58,200,11600,浅沼 美涼,286-6461,北海道
26,200,5200,山川 真一,844-8610,鹿児島県
48,200,9600,小畑 美奈代,553-6825,北海道
37,200,7400,米沢 亨治,009-0573,静岡県
20,200,4000,浜崎 正広,206-0046,島根県
31,200,6200,津島 智子,267-3941,高知県
19,200,3800,有賀 一夫,404-6558,大阪府
32,200,6400,下地 金蔵,843-8974,岩手県
14,200,2800,館野 萌恵,289-0066,愛媛県
24,200,4800,石島 祐一,543-3545,島根県
51,200,10200,大迫 俊文,773-0947,富山県
46,200,9200,福地 花菜,692-8732,岡山県
47,200,9400,藤枝 弥生,193-5951,島根県
36,200,7200,漆原 恒男,916-5952,埼玉県
54,200,10800,日下 浩之,833-4503,茨城県
35,200,7000,辻野 龍雄,596-6290,山梨県
30,200,6000,浜中 清美,234-4791,福島県
9,200,1800,森井 三雄,758-6701,福井県
41,200,8200,里見 愛莉,756-3032,福井県
33,200,6600,熊谷 美春,521-4944,長崎県
37,200,7400,千野 彩音,326-8890,青森県
34,200,6800,巽 花奈,033-0138,鳥取県
33,200,6600,大須賀 麻理,540-3092,福島県
63,200,12600,野島 冨子,591-9968,鹿児島県
38,200,7600,向山 雅信,348-5851,宮城県
43,200,8600,岩谷 彩加,566-5737,鳥取県
31,200,6200,向山 容子,008-1352,徳島県
48,200,9600,保科 正平,561-8269,大分県
40,200,8000,末永 等,718-8361,佐賀県
15,200,3000,大和 穂香,176-9093,神奈川県
35,200,7000,井原 豊,458-9101,愛知県
41,200,8200,的場 春江,323-7658,宮崎県
20,200,4000,岩尾 浩寿,233-6278,沖縄県
58,200,11600,山元 朗,663-5208,福岡県
41,200,8200,坂元 冨美子,703-3199,山口県
59,200,11800,神林 裕久,719-7382,群馬県
27,200,5400,榎本 清一郎,657-5974,高知県
47,200,9400,中橋 康之,486-2357,香川県
17,200,3400,重田 幸子,342-0113,山口県
29,200,5800,山西 和,124-9480,大阪府
39,200,7800,小山内 鉄雄,343-7003,北海道
39,200,7800,新家 翔,031-0108,石川県
59,200,11800,都築 玲子,715-6795,秋田県
8,200,1600,新保 悦代,774-7036,愛媛県
40,200,8000,新宅 充照,279-6723,福島県
41,200,8200,古家 晃,944-2483,和歌山県
24,200,4800,津野 新吉,110-7424,沖縄県
40,200,8000,湯沢 等,793-5272,群馬県
19,200,3800,坂部 義之,386-4523,茨城県
39,200,7800,宮野 明彦,084-3978,山形県
29,200,5800,生駒 哲朗,646-2568,長野県
8,200,1600,小河 隆之,700-7836,石川県
42,200,8400,赤間 晶子,419-5274,沖縄県
10,200,2000,瓜生 裕信,520-6773,愛媛県
33,200,6600,川越 小夏,346-0805,北海道
44,200,8800,平野 楓花,780-1080,秋田県
43,200,8600,石神 豊治,332-5199,北海道
45,200,9000,今村 利平,300-0384,千葉県
29,200,5800,栗栖 有正,269-3751,栃木県
29,200,5800,吉松 優香,923-7750,山梨県
29,200,5800,朝倉 美和子,002-7265,石川県
21,200,4200,南雲 奈々美,832-5580,兵庫県
14,200,2800,猪狩 岩男,671-6685,大分県
36,200,7200,中上 玲子,489-4287,秋田県
36,200,7200,黒木 紗耶,648-1756,静岡県
27,200,5400,二階堂 忠良,471-0380,大阪府
28,200,5600,本村 薫理,498-4840,長崎県
35,200,7000,船田 晶,187-3275,京都府
5,200,1000,浜口 克洋,663-8970,山口県
34,200,6800,辻本 國吉,399-3522,徳島県
22,200,4400,真野 日和,562-9848,広島県
35,200,7000,速水 新平,291-5263,富山県
54,200,10800,池本 俊文,866-7196,福井県
53,200,10600,小山内 竜三,522-0051,岡山県
56,200,11200,窪田 裕次郎,996-4224,宮崎県
34,200,6800,奧田 伸浩,954-2772,茨城県
44,200,8800,錦織 莉沙,689-6877,和歌山県
17,200,3400,安倍 直人,542-4897,茨城県
36,200,7200,守屋 由希子,222-4971,香川県
32,200,6400,沢口 安則,417-3365,福島県
62,200,12400,杉森 佐和子,538-6076,長崎県
44,200,8800,寺崎 幸吉,222-3518,兵庫県
33,200,6600,小浜 香凛,885-5995,高知県
35,200,7000,滝本 華乃,915-0977,岡山県
32,200,6400,土谷 花凛,888-5095,大阪府
40,200,8000,松井 千明,025-8533,熊本県
62,200,12400,堺 遙,830-8875,香川県
17,200,3400,村中 義一,330-5918,鳥取県
27,200,5400,三井 花楓,857-2071,福井県
17,200,3400,田中 祐司,552-7887,富山県
53,200,10600,平出 崇,978-2812,東京都
25,200,5000,疋田 道子,249-9108,山形県
23,200,4600,塚越 恒夫,758-2260,愛知県
34,200,6800,須賀 佳那子,922-4626,群馬県
38,200,7600,永吉 綾奈,842-4863,秋田県
50,200,10000,桑名 翔平,466-6730,鹿児島県
52,200,10400,小宮山 義昭,485-0821,青森県
38,200,7600,早田 利明,971-3819,岩手県
26,200,5200,大坪 成光,032-2447,大分県
32,200,6400,中条 藤子,510-1952,富山県
43,200,8600,大場 正元,965-3832,熊本県
35,200,7000,四宮 義昭,535-7835,岡山県
38,200,7600,石倉 理央,320-8889,滋賀県
34,200,6800,五十嵐 結月,453-4265,長崎県
39,200,7800,大道 花子,702-0571,栃木県
22,200,4400,朝日 惟史,701-9273,北海道
43,200,8600,田淵 博司,753-5452,京都府
49,200,9800,砂田 徹,626-9657,香川県
54,200,10800,三上 花鈴,234-5539,岩手県
36,200,7200,狩野 雅美,611-5698,山口県
27,200,5400,藤本 由紀子,839-0434,埼玉県
21,200,4200,坂東 八郎,412-6569,岡山県
12,200,2400,川北 日菜子,389-2428,神奈川県
26,200,5200,稲葉 重信,930-2758,大分県
8,200,1600,小山 愛菜,511-6299,鳥取県
30,200,6000,八代 真由美,133-5055,山梨県
33,200,6600,川俣 弘明,982-7690,千葉県
47,200,9400,鮫島 佳代,366-6494,大分県
37,200,7400,氏家 杏里,257-6421,岡山県
20,200,4000,吉村 正弘,384-8814,富山県
42,200,8400,鶴岡 杏奈,550-0092,岡山県
59,200,11800,八代 菫,539-3146,愛媛県
41,200,8200,土肥 菜々実,032-7015,東京都
3,200,600,西野 竜,271-3249,群馬県
53,200,10600,上林 司,030-6289,茨城県
26,200,5200,柳瀬 咲希,214-8908,栃木県
39,200,7800,松澤 哲美,765-7226,石川県
34,200,6800,山添 理穂,183-2486,千葉県
40,200,8000,高野 民雄,448-6476,千葉県
12,200,2400,安江 満雄,542-8437,宮崎県
57,200,11400,矢吹 敏伸,991-6572,秋田県
40,200,8000,錦織 百香,837-2113,京都府
37,200,7400,須田 政吉,033-7894,新潟県
38,200,7600,富沢 栄子,186-4177,福井県
48,200,9600,玉川 花帆,154-0863,兵庫県
8,200,1600,藤崎 隆一,365-8380,熊本県
57,200,11400,一瀬 利平,828-3528,愛知県
41,200,8200,山上 貴英,349-9136,島根県
59,200,11800,藤代 優香,255-9855,長崎県
35,200,7000,山県 裕久,289-6872,香川県
44,200,8800,矢口 寧音,923-9018,島根県
12,200,2400,山野 昌己,857-4610,島根県
42,200,8400,筒井 伊織,390-1319,北海道
51,200,10200,森下 由夫,201-2482,滋賀県
25,200,5000,吉澤 久美子,566-7177,徳島県
50,200,10000,益子 正康,165-1958,福島県
60,200,12000,大岡 晃一朗,949-1690,埼玉県
20,200,4000,黒木 時男,769-3833,東京都
46,200,9200,三野 美春,024-8511,山梨県
27,200,5400,渋谷 晴,303-8949,千葉県
27,200,5400,伊賀 禎,427-2381,山口県
53,200,10600,渋谷 祐子,891-7359,佐賀県
43,200,8600,小木曽 賢司,142-1580,島根県
34,200,6800,漆原 佐登子,219-4172,長崎県
40,200,8000,仲野 新一,492-3065,北海道
37,200,7400,中込 結奈,381-0260,愛媛県
45,200,9000,矢野 智恵,003-6216,三重県
58,200,11600,今井 優芽,269-8200,山口県
13,200,2600,塩見 徳康,299-1422,新潟県
59,200,11800,鳴海 瑞希,391-2381,岩手県
32,200,6400,島田 璃音,922-6765,京都府
62,200,12400,小松原 博之,823-5701,大阪府
47,200,9400,今野 大貴,583-3023,沖縄県
54,200,10800,泉田 嘉子,810-6188,茨城県
23,200,4600,岩淵 恵子,162-5963,広島県
38,200,7600,樋渡 真依,373-4265,岩手県